0.0616800956153276,0.0381002074710486,-0.205474105387283,0.00664710130208237,0.15732688175187,0.355103407352514,-0.011751117096007,-0.0831817388627716,-0.193077634337933,-0.125010623779381,0.069045904659285,0.00756207348667627,-0.00759772695994456,0.139169283377599,0.824176630732025,-0.501958851784157,-0.0244331909809435,2.18905059216281,-3.00962471868023,-0.104931220711352,0.218358949240387,-0.0369426718356579,-1.25475583836813,0.672861201246009,0.507818764197584,-0.0450728274835739,-0.0314364357614498,0.0287955695324966,-0.0338259306113578,0.000855297836208959,0.0387172739079434,-0.0246745833910494,0.826105145513134,-0.251770485254084,0.00441192358900735,-0.149550574996118,-0.026289436561913,-0.0778063687538465,0.000635091250553193,0.0894493641310388,-0.120437706002284,-0.00221585923643886,0.0146515079716516,0.000212719851648862,0.0428872265283227,-0.00143699388204711,0.146509855417179,-0.0429433611239017,-0.0670946271170554
0.273357590959744,-0.0786881613439126,0.057643005076078,-1.41366488714865,-1.3232578306206,-0.794897321283434,-0.0209619558490781,-0.0961888865986588,-0.245320224634501,0.0474892829921163,-0.110688586551145,-0.0341563419835869,-0.0277619756675859,-0.181612006304473,-1.40116713765772,1.34675170605597,-0.0667132908791943,-0.114944039372227,-1.03354237435859,0.00307438445411609,-0.516210556484455,0.309244015420247,2.28822825129701,1.89997586200659,1.98784950694857,-0.101241086459857,0.0865493639854281,0.349387796348422,-0.0742658527410997,-0.10918159067207,0.0707838507410426,0.349024536633778,-0.35035989983079,-1.73918291621081,0.712231316450401,-0.48677420258267,-0.145907347744743,-0.330465223894277,-0.0184106521315074,0.247055520899341,0.701048019456761,-0.0305301592242574,0.101768085827455,0.00526178884530001,-0.0303638628711748,0.0462613788262083,-0.177546324138873,-0.0694036654058078,0.269598353604897
0.0341700933077867,-0.134584866076783,-0.241233818902564,1.1527557341452,0.753440852995995,0.0403900899208105,0.033081715591537,-0.0654826579511994,0.1385944513339,-0.273188233911055,0.0231741472414446,0.0304493671950817,-0.021460663582571,-0.701057294542246,1.19512714813476,1.97822888654635,0.207885718993075,-2.35404963951158,-0.0228057542385243,0.0160691789814636,-1.59940238238405,-0.545495841597162,-1.61467813036333,1.29610012549093,0.292277249628215,-0.0142620155727594,-0.0325942692598086,0.333405979321702,0.086774642663213,0.111279601583394,-0.188657516107156,-0.834289360192992,2.15453527245316,-0.906827230966981,0.930829109213527,-0.999302418319851,0.0454226053808102,-0.0245974797157975,-0.0345018089016471,0.195604734966432,-0.799685513467299,0.0247902798227496,0.104099342491016,-0.0120100978187955,-0.29417921283696,0.344384657043128,0.00859939452272091,0.130905712441108,0.061316983045863
0.0905367848656852,0.146537942502975,0.32196475879504,0.273866227993718,-1.55504873571309,-0.0743534694546772,0.0281985674802378,0.186253764931501,0.252951782368315,0.297049904135877,0.113758699701032,0.040567597457654,-0.0080332213133127,0.301606587094401,1.25901689623631,-0.630898785970418,0.0228577422375155,-1.08090851037874,-0.681918671297547,0.0618048441818998,-1.12405411354944,1.77571117578843,-0.691447053388718,2.08197550154924,-0.496780832205377,-0.0475111879778194,0.0657653375373195,0.14086285941807,-0.280766895978186,-0.177455712005437,-0.560853188997023,0.865267578381064,-2.26984486030576,2.63089509946996,0.444565546119242,-1.57706434009182,0.265191861147917,0.0923816189378003,-0.0106997277738048,-0.0106693098876703,0.122171688946859,-0.000534731163037828,-0.191505931969642,0.0127806544709345,-0.000953006989462519,-0.228596348609789,-0.063942718719807,-0.0647522406682912,-0.0811213852738811
0.584544469023875,0.0752033236139752,0.182008342395867,-0.892055019049593,2.09831749545427,-2.34469292735821,-0.0564873561992639,0.369285590259463,-0.495194110082807,1.00367739746883,-0.199287041489531,0.0357775803791017,-0.134091858671872,1.37512195167574,-0.973097096888039,-1.68412694612614,-0.0439837548176487,-1.33865930038754,-0.175296201378557,-0.157628117395648,0.0356782335145702,2.50487824930157,-0.821140978631717,0.324264499954405,1.56216787669717,-0.0224779350308615,-0.076212810345108,-0.428639698385018,0.118264367448762,-0.0304604640539142,0.280200881741758,-0.61902248373055,0.825814851446299,0.120554817847307,-0.524307348244247,0.68468398113881,0.103359212567544,-0.237350059334694,0.0313355441507925,-0.103791872691006,-1.12534218553613,-0.0149100633566968,-0.0747692733025307,-0.0496663611797649,0.267966973474314,-0.488613156337731,0.417211868022947,0.148540257526009,-0.0667596229810814
0.613575607959979,0.152282198691806,0.216632244030525,-0.541217830109337,-0.24957542280086,1.99541594614544,0.03085203758948,-0.0611927474552067,1.46155840592699,-1.48510047421085,0.0753765150336945,-0.0741765410941913,0.0950959810940118,-0.38176790068628,0.766057463058518,-2.63926794849173,0.0476232950422796,-0.913450858097775,-0.320254967559727,-0.173629850773733,0.278478319815355,1.79729890955846,1.91338380765505,-0.187873055689255,-1.0852554035551,0.00181352051242378,0.0613120957460415,-0.304077121071919,0.26553168305173,0.00992101598715933,-0.208582162563745,-0.797523161947618,1.20906730652031,-1.57205877137886,1.20263567637166,-0.979785592525664,-0.0624013860559905,0.201859977721481,0.0366395256990008,-0.464135560113876,-0.47962989580007,0.00370531664790539,-0.0599128865507837,-0.00772850485876446,-0.286115736810529,-0.0708304423241574,0.731819176481278,0.133798923904012,0.093953153030936
0.606144788973476,-0.222425322426173,0.448629369790919,0.574243018125359,-1.08733028564791,-2.31696020904184,0.0186325095287923,0.241616941963001,0.938034515599041,0.496850791526358,0.159388463473006,0.0141467805854064,0.030482880944994,0.319738126009039,0.202781382075386,-1.99539715729526,0.0296106060809943,0.378042673797082,1.363425006687,-0.547565283423566,2.23423860461595,-2.581718515681,-0.286415038836525,2.73797607255436,-0.684805567332239,0.333037886988045,-0.0276856105962337,-0.787224817446682,0.143861023465958,0.1276021957469,-0.0932354538730896,0.233964961199812,0.868058436805052,-0.631456019601356,0.275700481248955,-0.834357469215533,0.356161944222,0.305363272408863,0.0106638832862236,-0.0274399354421177,-0.42207792381132,-0.0306533056399449,-0.0537158843120916,-0.0252767439906194,-0.344916339642833,-0.0332360658413016,-0.471944492182671,-0.109973681558837,0.176374939796959
0.434509698174004,0.113005189609737,0.189036898639619,-1.61992797581469,0.657254460094081,-0.385810602545447,0.0465272124899971,0.362838620529939,-1.14119722365703,1.71615997240831,-0.243804895177808,0.0164309282411029,-0.0256892952289071,-0.0892168688763365,2.24980577701323,0.394706235526852,0.0990402651754839,-0.448832560392754,-0.515112149346027,0.471232390518408,-1.28775960083856,0.145255069442145,0.634225987567885,1.47818989412809,-3.36995970622078,0.0388912951469159,0.245876898013342,-0.745929597841962,0.567140954385363,0.0361346675730693,-0.280882049937892,0.733555904372595,-0.239656829826608,-2.02628250342586,-1.55211782685405,2.39237148372393,-0.11832691681137,0.842200914319703,-0.0322382104033067,-0.149014935137188,0.989810311977323,-0.0141588407517239,-0.153980157910876,0.0201153085167627,0.320135519165754,-0.41263163772697,0.106448387590101,-0.264751097454143,-0.304982995837259
0.494346517719013,0.159337939718548,0.139169501880186,-0.302667650508413,1.68079597495359,1.3261765908339,0.0924285030898072,-0.196123246627604,1.38802313422983,-2.20616230770398,-0.179514833449028,0.023094167371783,0.100594697463673,0.194892065976026,-1.33737387628435,0.628870663798232,0.277430519049936,-2.02506943737452,-1.24755937387614,-0.341260139669864,2.03399279544157,-0.257059161116148,-0.555901712289776,1.54793718746331,-0.018668237087901,-0.0351390400301623,0.182652184860629,-1.07295543840529,0.240938613032334,-0.203450295886512,-0.26826084792578,-0.311144479708318,-0.151687127300947,0.787458343438656,-3.04651727361866,-0.105425255293843,-0.152016017729193,-0.0182947825456132,0.0983144073051252,0.035782988810224,2.8696065675043,-7.33377275387774e-05,-0.00128003709312223,-0.0258519701382548,-0.145235063254788,0.5179191311172,-1.06829558599876,0.0714402125381982,0.35334188009184
0.441687349487011,0.391579978276941,0.562772906868548,0.926629011358416,-0.85447275088387,-1.29333545338772,-0.090797879402483,0.00182508831694297,3.53080874943767,-1.06542042302268,-0.317787003198241,0.330331467139204,-0.318705542454215,0.0469943708775497,0.119349520374454,-1.32233469145775,0.220176542259858,1.38393873675604,1.03813557096126,-0.261515469822264,-3.2159192592849,0.677377767886497,-1.24627676498492,-0.135773346640268,0.896612865856134,0.096341992199467,0.0424012329812819,1.59440381873229,-0.317718230921655,0.506700914138209,-0.758859771465361,-0.767872124357201,-0.0814232323237997,-1.09487645187034,-0.323555014964971,2.35035638462741,-0.341304976004612,-0.355111118798734,0.0506635248494424,-0.243569226740081,2.18897538220444,0.0577495150313268,-0.0115159910513422,-0.0633169834958217,-0.640021386540655,-0.00517449185838621,-2.17493737791022,0.465076784703649,-0.715975491837273
0.384435501101243,-0.215385428596835,0.59373996442295,1.31613810901991,-3.5028701386749,-0.0249796586710758,0.12223958362337,-0.625320359090169,-0.624302713323718,-0.319515537009181,-0.192688859228913,0.214659388148793,0.281251334408897,0.501792069836929,0.729605705851666,0.197618452884803,-0.697599385140617,-1.77319089879945,-1.70995293251773,-0.436609910389226,0.617921129637749,-0.298892109269925,2.04555612219341,-0.0734685811742296,0.537089405806135,0.299676065654702,0.107829099004529,-0.628008627647471,0.195612940608776,-0.146790825421109,0.019571988918582,-1.49924216403359,2.17672623740883,2.60889714464431,-0.739015813725967,4.00018848919691,-0.650087203101061,-0.145139037504288,0.0614230073282446,0.580455258327811,-1.67511070617846,0.0293704688524178,-0.0364567126152132,0.0400616856075084,-0.0934178920403948,0.711224672760912,-0.892912615773786,-0.0964370067245148,-1.08262392309775
0.260039763517073,-0.505472235031394,0.255901313291189,3.82081907850763,1.88260658591056,1.3445104121676,0.139744279081148,-0.933922398587977,-0.153755908884794,2.40204840660858,-1.93990097804792,-0.00857212305321568,-0.240263168136306,-0.155714834822899,-1.69509453237006,-1.57020992043056,-0.944512742408644,-0.192754726426406,-1.14773022512134,0.584164686710476,-0.521164327514477,-0.993636510833919,1.65091857517635,1.66856887842775,-0.640989746247064,-0.161706698205767,0.554555337142279,3.27379587596396,-0.353050211189491,-0.229845915639564,0.31833792569298,-2.42345510372551,-2.21795725146805,-0.670523332481713,-1.12919787605281,0.204493959807686,-0.522389105349871,0.345072046379738,0.0210309327229204,0.369233861466673,-1.11534601146183,-0.146089257655205,-0.115735895870385,0.197856085082918,-0.578439337936992,0.320749192835665,0.493017586994124,-0.416602505381332,1.71975796492347
0.535774708572501,0.242978649135408,0.190871223114403,-0.760332316868788,0.319458848761209,0.259700167906733,-0.122794007208449,-1.89583560593771,0.639339849473946,-0.101582205590757,5.16524535369245,0.723500490017974,0.331963586229037,1.63111851644055,-3.1485123549414,0.670550864638172,-0.184255744161553,0.695707778688894,-0.135831861774091,-0.1550081904246,-1.25089505343613,-0.326480639437403,0.204729709689233,1.07500076867162,-2.45031540913188,0.664909943363014,0.453770315173451,2.10875626032773,0.432511717381998,-0.2821689650623,0.322785203271219,-0.499674358077507,0.61309372677911,0.392752910420235,-1.24321234088315,-0.965929901481248,0.64870331638512,0.155792360740388,0.0953856554014633,0.76300039743356,-1.30935741316604,-0.100705620929628,-0.201013017848281,0.327710602176817,-1.15259456177134,-0.191650783344133,1.40120223443503,0.503708454893928,-5.0790579516525
2.12118440150543,0.573593834211596,0.893344042113769,-0.165367133106401,1.89878908587399,-3.687202344419,-0.0400316175549691,-0.388060238799188,0.829946015582985,-3.82722453660825,-1.78468506335096,-0.106382144149447,0.188092778355371,2.28414972871896,0.452224302282945,0.897773228327407,-0.31875272178216,0.383498568758083,-1.9614158139734,-0.378322828000985,-2.47294048162773,-2.18910447238898,2.07631578114563,-1.81267327393114,-1.50908956403269,1.01151624887319,0.639148329749061,-0.664473678393135,1.49535381799516,-0.39149262325909,-0.05142262204149,0.605120186989677,-1.04501970774618,1.38193823728389,0.800011149810154,-0.740566872190127,1.05200366660406,1.08386675913037,0.130371650944005,0.333706638492742,-1.03015970832771,-0.169876912444099,-0.321484741381467,0.150984674019387,-1.24315430142122,1.41973575914402,1.62606754711139,0.336933984295865,1.77490292694462
2.53856536489556,0.562809316651735,-0.908851915607581,-2.80114660523558,-0.287364829253246,1.55754825124398,-0.0281263211041704,0.974376643816495,2.49317215690698,4.64050804561294,-0.243973070643546,-0.544794844627066,0.404695686244183,1.03118148251059,-0.779388907105487,0.7247516278133,-0.338669970404638,0.518741110592945,-0.624866565613533,0.219928451906685,-1.58850503215853,-1.10260467531667,0.914089285032827,-1.57199562663767,-0.606696321056555,-0.383326296425193,-0.269952370090921,-0.321288141093293,1.48157717171814,-0.0211301598119503,-0.455322192533972,-1.05307266619833,2.34946719415795,2.17824037319589,-0.933384394043627,-2.51359867788637,0.952412436544124,-0.259405110114091,-0.219101775906953,-0.710493045239629,-0.828439995633693,0.0116081854449758,0.133179152538165,0.19390684909389,-0.704306577668001,-1.03284512444351,-4.27101096173127,-0.394037946868447,2.12014425285588
5.65918704173168,-0.162127516503933,0.0443669693802691,2.15952465616559,-1.19323451227902,0.889599254401879,-0.321006298872552,1.13287728444308,-1.82905200090737,1.32898038886789,1.4309439094934,0.164076190556457,-0.607466771109151,1.58852098581793,-0.916989421718719,-0.977370258642135,-1.0219087824018,-1.8198037965713,-1.0550633231383,0.391217955540443,-0.218218048401741,-1.3262112622384,-2.03081674340578,-1.89649526123532,0.447678780335263,-1.94318008746759,0.29253990402223,-2.2303370827244,1.55286206234457,-1.09700420525454,2.36988452661656,-0.961483114423684,-1.84225579561836,-1.50633435718057,3.35604109439385,0.280913123177372,-0.313927363459691,-0.00719678212991866,0.0454059906986856,-0.162440216998931,3.66518477983774,0.0253684667482164,0.420663772653147,0.431469435071266,-0.0741039042234979,0.306892687408044,0.481912799155076,-1.02896277659314,-1.69312615105029
0.204525174844179,-1.66737573358149,0.898066329452179,1.63687071285999,0.661249088556014,-1.39105532073908,-0.465996026186542,1.79667123767518,-4.93615668959823,-1.46965525518637,2.93066020216924,0.476247735826807,-0.609488026833773,-0.773043665406467,1.90066630534405,-2.35308124989977,-0.429406022374498,0.779828385473056,0.7187572011549,0.25503521447849,-2.19070333728643,-0.224652765676127,2.89336817963216,-0.58610296691311,0.818537513022657,0.944173129811603,0.0746966817125062,1.01388048911329,-0.324171951952773,0.0686863477489966,-0.12665097731156,-1.51299254354531,1.99156386818118,0.759798134752666,-2.90822002823213,-3.37215867488911,0.708757551192965,-0.280422914433816,-0.180579350591118,-0.677344229615038,2.73420079537737,-0.372553875778743,0.116501352314191,-0.351602199311743,2.9647046909143,1.60292625576056,-2.44125093760888,0.501312905801491,0.175849444673116
4.28325426429808,0.737103006378481,-0.557017541754206,-2.12803895427742,-0.587563796213911,3.02407574739362,0.199677477666547,-0.252749163725524,-2.11771059996474,-1.19730776603124,-1.75083654723999,-0.391357701898202,0.804741016433158,-3.01303467425888,-0.774529861124889,-3.13999427626344,-0.116367861886052,-0.211443445332731,2.14745604573313,0.257095332272387,-3.03419435512539,-2.4176237486468,-1.33531641900477,1.4703083868697,2.51611017097465,1.68520177227095,-0.450968876158281,1.19004937653536,0.801383065677058,0.787657750970694,1.15742754072258,4.4798079280821,1.37521585582244,1.37770291736083,-2.84979773774609,0.925463467440206,-0.970272161221558,-2.30956155748461,-0.0740244794906192,0.370407347039788,-1.17630251031804,0.397237014264591,-0.885638966031626,0.267191654054131,-1.66541497113304,0.250651861389155,2.96461371982286,-0.46659586637938,0.39275922531745
0.515203371123657,-1.0963069730522,-3.28532184477137,-1.88240953158161,0.341406089462379,-2.02525017695252,0.152727001722941,-3.8086995912299,-0.217917029554796,-0.525535805888249,-0.135480893716124,0.144614820791431,-0.800040526328854,1.74198698505835,1.51697282962731,-1.34076943713601,-0.10484421387369,-3.26931095102886,-1.54194106616447,1.99517907617284,2.89204105972501,-1.05583145260657,-0.0473315734340751,-1.71518349604403,-1.12590094510082,-0.36153975359335,-1.28881076056257,8.14634276903213,-0.437550762329517,-0.305983149727529,0.0373848317335933,3.49866961510947,2.09575436283591,1.01620575815169,2.54260260667596,0.550793134934417,-0.716304805441866,0.143954811180837,0.483578376770258,-0.773975265771751,2.90125486693356,-0.272040242281359,0.0871411466959403,-0.247620769890594,1.42344516497309,-1.41788259918716,-1.30294180944626,-2.08875895301887,0.491750673574579
3.60656686715947,-0.235315965746725,-3.05124499664485,-1.31107957876311,0.320533433079198,-3.04511779434847,-0.0844027274577541,-0.909757747612695,2.2359152366811,0.956694998921346,0.550272310846843,0.633628619394175,-0.126810114641155,-6.5212021537702,2.69572748631247,1.29712217863301,1.04041965107355,0.823749832400165,-0.0838657616553473,0.450798717926958,1.79787270672464,0.128972300732272,1.2198823332561,-0.554646021001009,1.73418534930246,-0.055057255767189,-2.69841137694361,0.449666792085985,0.986279214895962,2.52946952728872,-1.0029172495712,-5.55860665698415,-1.85095895585744,2.12093692184537,-1.38968412419616,-0.311416568244044,1.25065787670901,1.80882703893136,-0.0585752432221184,-0.539057682119642,1.16017980385545,0.327998746107991,0.402806578363956,-0.485824582477557,0.141107717641438,-1.09836197583723,4.25088980636798,-1.80500840311193,-1.83733469431594
0.929058695694223,1.2442142539656,-3.94722625482737,-0.869915713217519,-4.07266080626077,-0.752043507950293,0.124555860744532,-0.90703484763626,-1.78922194965359,-1.58324719410752,-2.02723772226041,0.704478310753935,-1.09699159499558,3.10995874686236,0.970691067981635,1.17413880127882,-2.22715530187825,1.84829309347754,2.93516284004595,0.107825401689976,0.370285000000497,3.26604624225835,-1.43328291706735,0.461059749032115,-2.54145273281532,-2.09463244661901,0.207283346529319,0.888855008641776,-3.54538405142711,-1.56690035249437,4.57565085374126,-3.57454990749927,2.21969005916229,-0.587325611104014,-3.13741332887936,-1.41639104658842,2.57464614768249,-0.632802107853395,0.284926686412483,5.65581277725677,2.08053468201702,0.0529160943239653,1.93488678238449,0.236978981779944,-3.66388243854703,-0.397366824026782,2.19833939489527,0.81672857790759,3.62321405437094
3.0692189298446,3.12163628160828,-6.84964391845043,1.43071912071132,0.746383072552032,0.39998617976959,0.540269404897587,5.15967423204716,-1.14765939420281,-3.91622868728815,-1.96760175520281,0.915428684927596,-0.559975218972041,-1.17175081285372,-5.60480072172105,-0.0919464921695366,3.10218690061183,1.62444954309051,0.242569617806403,-0.125665871205839,-1.55376327844755,0.290216774775376,0.712123311023566,3.03298364074386,-3.45463008233011,-5.77333400931431,-0.345613341554511,-0.0983156882295555,-3.43840388098452,1.73237545298776,-1.36725817989206,0.960340646611463,1.24203328078827,1.63042268302197,2.20746143850306,2.07863704427023,1.46558815601573,3.56944902647305,0.162030667022991,0.541005421073655,-3.07576717665367,0.267499765230547,-0.61257375370796,-1.51226698081967,6.6633439172203,0.448342904694896,-2.40304956749939,-1.42587428979882,-1.24448084903001
1.36978712491501,3.5707856749113,-5.34137295136107,-0.451824836681494,2.69613588894565,-0.660731464609922,-0.57299650925381,-0.497468941258454,0.978210036062897,-0.441491639294473,7.74484741777519,-3.65095559437554,1.41687573807463,0.703684575428662,4.03460731388625,-0.462403679603787,-1.76290928391037,0.492196862037217,1.49711761173419,-1.52611713510265,-0.177130367265111,-0.436410058761066,1.56865057265404,0.690853450844833,2.67965348568808,-1.91915815167318,0.768542719794328,-1.13357005030013,-1.45429132669241,-0.737538616216728,0.887362480638518,0.523581391026104,-2.46519047826788,0.356485792389871,-0.415782233556464,0.146323310500658,-14.2000278082629,5.02121636006245,0.603425334832946,3.41860584363226,-2.26796815414537,-2.35906205039797,0.835538471054632,-0.702866392430776,-2.14105027354292,1.33768196672193,-2.20344997150851,1.56477607624109,3.36221807932634
3.0984810894065,-1.20795718162272,-5.46748120635215,-1.20434275749907,0.687450518202522,-0.164680634035983,1.57616148142412,-4.63145249355158,-0.420397051052222,-1.42351092642213,0.861684560393622,-2.48897501456745,0.956730900711179,0.206261808369945,0.469398744853975,1.09650519122076,4.17556024497221,2.07872727683625,1.70401429591295,0.427695399977882,0.764943186170155,1.33657925455738,-1.11049875969579,2.58981705379031,-3.3083093510975,7.20920568242013,2.81169196556543,-1.37838035973732,2.65672505671787,-3.11118490801571,1.12746422556126,-5.00821589470021,-3.4435415329228,-0.0398405624348549,3.21892568818858,1.82283063698142,-1.27816210811332,-12.0759871660644,0.747023576759462,-0.740561442690165,-1.89908694738409,-0.878118729470757,-0.216995686732319,-0.602384655532857,6.15295718094773,2.53183558498982,-2.67748334753748,1.62658365770237,2.15842277422127
3.37627919951582,2.08546725832212,2.53166282199311,-0.664118850485496,1.24376422819566,0.00556604898536073,-0.952982732964463,8.46284280029391,-0.718754755964274,0.121101612869018,1.47404007225492,0.223877050066149,-3.12336528797523,-0.140598763665991,-1.91088420355917,2.97845673595762,-5.59610580028019,0.297573851699814,-1.01691789890698,-1.98091598152776,2.83089399055601,1.91252743023463,-0.594188887661452,0.162468418445289,-4.03937274612705,8.83912428184207,-6.86211725178273,2.55813199924497,-7.6583925533987,3.18345279219126,-3.32946223406792,-0.630955727586546,0.418456649754354,0.498995863239373,3.21753856307619,1.36265522073681,-2.79136871717302,-3.54252470164287,-1.17712426455021,-1.24708364769022,0.636827764643236,-1.28474213222611,0.541342530428164,2.52908453350044,-3.4085609823671,3.17897926664715,0.342137391892901,-2.58567448648868,1.32010645400992
3.67595000614319,0.616350789105075,-1.0812256419257,6.81322121712532,-3.79328343472811,-1.69755255402014,-1.81448816414921,2.88534889472951,3.72755081576721,-0.290130125633017,6.44819379354074,-2.56185627357411,0.117033728345308,1.8784759435591,1.10742398257273,2.82138568276997,-1.41088743658656,-1.30118214988095,-1.54184260328463,1.91029306408472,1.98124145929343,1.98021384856583,0.283964528937001,-3.09630814262981,0.487973348787183,-4.31048930435906,-0.453730427174548,1.00750010810853,1.36540870033683,0.404844576381919,-6.42668481900229,5.57530635125689,-0.761498183684973,-5.12284452313863,-7.37123658910636,0.156233445408225,3.15522821853133,-6.668148157759,3.53790900021954,-1.16974154769449,-3.79536476903406,-2.19965669253854,-1.21764576238081,-2.37819072768473,2.61749917505745,-2.74731556124981,4.23773728689089,-0.709026817193449,5.17535425961678
4.83758409096304,-2.00553966456094,2.07405716251318,1.16533600512526,-1.27492076485557,-2.44383787820523,-1.26497619303574,-0.787632601557433,-1.36351353360794,-2.16493717418161,1.93341344931054,-3.03190813942923,0.309582240496227,-8.33921624467591,-1.43803968089493,1.09473062465038,1.37849108753453,-1.19237660781538,-2.85240424715198,2.05383215639525,3.19038097588755,3.36662280587406,-2.11708120988081,-1.70759483617242,-2.17509515266797,1.3230722489283,-0.561111644368939,2.16919766304131,-0.997930108329918,0.758127526112687,7.36407215730906,2.97195181441775,-2.5528187869087,-2.16717680051257,-0.876568286738231,1.01825727961019,3.9095641022188,4.31666661636334,-1.83133964962226,-1.63924572750837,-4.5419112660138,-1.71151990554627,-0.199594245390548,4.88026189902747,-2.63251550633532,-2.08598894218246,-7.39067232403757,10.6698296200529,1.81352934218643
4.44483770683291,-2.00562930542284,1.67333480060148,1.28568356651201,-3.36283731084933,1.75273223305193,-6.11388305080476,-2.86057591186899,1.46167550212735,0.834865661868324,-2.1839283346874,2.84785708867696,1.53187562970774,2.30830740808612,-0.392667056200836,2.12891331123373,3.91674694323997,-0.795799584804003,-0.0156891625789607,-10.1454633085735,-1.16898223611696,0.199703357176932,-1.93282818430661,-2.78651897659961,1.20864789357566,10.6635313226605,2.43259504984494,-0.114848267987452,-6.08247100987282,-3.43313927776229,1.4100369376171,0.176999364048956,0.0699002095257771,-2.91728841350138,-3.16995309308721,-2.35796580044516,-2.136831628706,8.11460415601787,3.88420598690733,1.74970181624048,-0.713459550293142,0.547352542248123,-2.63892445752602,1.59357909156793,9.29055722077263,-8.50094600101767,1.46750690083909,-3.96239965301346,1.37240132298281
2.26150579690542,-0.575794792943551,-2.00930321135734,4.85594935279062,-2.6236638656714,-1.06148437292798,21.0499422195242,-4.66981198496683,-0.880014629238104,0.0109927091704839,-3.21942514043217,10.9678299766616,-2.86736150178631,1.54062243295579,-1.84246540715733,1.59597188811176,0.113060427208668,1.90489601905358,0.895512892684375,3.60084430823631,-0.218381998936254,4.1024253918497,-0.469941734911011,-1.68158760582908,-0.044406393728057,3.42672399557834,-6.82432421871925,-4.21327238147654,3.85449206015923,-0.622095261502597,-2.9331013891251,2.95696750986819,1.20838660173151,-3.02840073578935,-3.47599714808916,-4.272231303304,-5.5964078528378,3.47897915869617,-1.39734399839001,-1.02633883324657,-1.00506290183041,-9.78787011949879,-2.81602954623022,5.55280279523246,0.602617275404737,-1.12505326817793,-1.50327736394687,-0.867794429420146,-1.09001809774893
5.03105695404237,-7.1722592295236,7.7578694023796,-4.31603382667469,0.578494010021852,2.51935850786947,6.15647884544014,-0.772558600032481,-1.90589528458571,-2.44196549346986,-1.87693845599798,-4.07053311415728,4.29819821502867,6.60577463056203,2.19370924682345,1.95756151305865,0.282351670837694,1.10482910076361,1.86932738145774,-1.40914059677538,0.0595408845670818,-4.01793077097414,-0.423614073863288,1.34305113115517,-0.192890155947275,-7.89555939578868,-4.62541533385786,2.33874657277827,-5.75676045949219,6.19100769548831,-4.32232945075914,-5.17717894688325,-1.19542489755509,1.18622167310041,0.962081249882512,-0.110976295343765,-4.29338906676748,-2.76692618157386,-0.59901782142367,-0.0439076689701397,-0.106045937979431,3.07618225354449,-0.866939000835685,1.33713634829549,4.48094437448076,-7.62272024764932,2.67528454427419,10.0724239975015,-0.109602622576233
2.15761043458188,-4.85415576166067,-2.70713301141581,1.07355660632762,3.73196899089844,2.84873793027071,-4.63362074856704,-5.63329907019267,-0.608126736234835,-4.64180487108051,-1.73221052331831,-0.405729458448667,3.02629368623471,3.06021258506869,4.0460687741662,2.56346813926819,-13.8090570376695,3.67175784251111,5.14210545353706,-4.16892225501125,0.868199016004313,4.1593050717619,0.5386252573916,4.08127717636106,2.41138519972875,-2.72036132607868,-8.23525828844245,-0.971858653484202,6.82920456756271,0.936511216100124,-0.0287703232554693,2.14889292067766,-3.43046124814403,-2.48046156015478,-0.668230102106749,0.508531630049,4.052144949852,1.42274925575641,2.01895031329509,-1.09201573375012,-5.08157770908241,7.00178583993719,2.06218895433886,8.85906113237164,2.55035262131311,2.20010939467423,-7.17484094812255,-7.16567299618451,-3.20330329451071
3.02775064694945,4.00628184881704,0.189891190697165,4.6630508657274,1.73095057236877,-4.95821663505405,-3.58206907751868,3.59103295516133,-1.53520518940805,0.326938881580497,-5.30420482325306,11.6525160794893,-4.40036399159777,-5.16779599841517,0.629012184342069,2.73560151431255,2.64112464853529,2.06046898810809,-0.837744650199254,-0.847914961358248,3.85695876050835,2.88921883856012,3.56451551690749,-1.83329538022911,-3.88569603918161,-3.46374410020829,3.2397333172246,1.55487656407032,3.64865480416836,-8.57431804216615,-3.42641053420525,2.94341250390996,2.45506283345497,0.973845888692608,-1.17019122946755,-4.89250923521202,-12.019014442404,-8.16282944230722,1.63009853773272,0.681476529079931,-0.0649279928348161,19.6520531413627,-0.975351661140488,3.77484627418576,-4.53005862658285,-6.58184273057927,-1.79331627162053,5.74142257697394,-4.801489576211
3.33293567252618,0.446027739197858,-1.43947117115468,-0.327877409666521,-4.8754014414537,0.468041792915536,-8.93644937570069,-8.21248520822566,1.6015031933214,3.04276193538211,-4.73491915056831,0.57934182771847,-2.18514978974357,5.96638339164843,-1.80714669330992,-0.0889663343927353,0.106171249146469,-0.208816912066666,0.267834744958564,17.383276840842,0.141134094866465,0.723570183320874,-2.65616366373189,-1.51778051057668,0.727367921038435,4.76933158906288,-3.83462260886122,-4.89088499802097,-6.11565369325954,4.4027983469413,-4.56442913532826,0.469931681993569,0.337144675631949,-3.38546488159272,-3.91537706462416,-4.13131342990506,-4.07876626414898,6.03227210602161,-1.44560323886148,-3.87335366744817,-1.75974166446892,7.80306414954802,1.24478983056215,-4.767925114891,4.58473046697875,13.2634330555088,1.63845091918112,6.88516994492791,-2.51072102504919
1.8811044596796,5.29490517826958,9.28129071109031,-9.13249514611267,-4.83531660783381,1.07544244261247,5.71996172837148,5.8163332183448,1.28268780620669,-2.58977851130256,1.35604905840313,10.6696273941968,-3.13646616548689,2.61000573235431,5.66437653436982,2.0221593269734,2.51719345230389,-3.04423740321377,-0.137095236196758,-6.29707871634705,5.08232658471946,-0.883180385718071,-6.04573601351452,-3.24910355303531,1.03853469786415,-4.41852568203287,3.26237937400039,11.2717707572466,5.19817266813103,5.69076361502951,10.0178507600604,-4.08254001443112,-8.28374307198994,-6.36623854477208,-5.8043050209491,-2.36857956929012,-1.86869196415078,-0.217116009385093,-8.030503638239,0.266996849609389,-10.1489334401816,5.33042230917753,-4.18184894767165,-10.0467219968391,5.4022490770736,12.1620374040705,-4.10033006102398,-6.67229621635813,1.30120980448784
1.88310947622269,8.64538646624064,-1.5329218369024,-0.589138759610185,2.09412404153641,2.89536331026892,2.84961730094371,1.68286473004851,0.662515021240352,4.61021540530097,-2.86361128854374,1.63355998620629,5.839579275492,-0.589759352221133,3.62946007186348,-0.89367017868325,-4.03004104463425,-1.0630867370849,0.837560535705067,-9.94286989319884,1.42262512980642,-2.54540632558124,1.19225632144866,0.235966514963828,3.62894173727328,1.44183158349936,-15.0739160939317,4.81720825992104,0.527424988823492,-22.5970682543569,-4.70399550284897,1.83352488922653,-1.78632109123803,-1.39305416215676,0.538500740222418,1.89703878681721,7.77120842645639,2.93623872903112,0.0722854653196194,0.611275829052919,1.03221866685769,-2.80254077544765,5.10942452164901,-12.9132840399855,3.6972662401704,6.12341738279407,1.42701900409593,15.9153946537832,-4.51730115852464
3.57491039501852,-14.6393704711629,-6.05402620738535,4.25735318956724,4.6988238681775,-1.67453876544367,6.8895835273524,0.0627701855600394,5.74031522893167,2.84218744957834,-2.24299649467904,5.25356909186979,7.74219506643029,-3.61569769258704,0.522614819408227,4.8139729645701,-18.175402524554,2.75037759167927,-0.0946889143398871,-3.4233963258552,0.259631426854516,4.99409439099542,3.49124597693332,1.05367955529704,-2.17061391616191,2.28098958987062,10.3787372157224,-4.46020954821236,-8.55332234580516,5.93156115738952,11.6221401060606,6.95154861978539,3.3666977191906,2.73714961108614,2.23041928672733,-0.823049875688286,-0.859479597833276,-1.49408641780511,5.49072535266073,-8.99255631373338,2.93726532929127,2.38719603253956,-12.0896129090832,-24.701121712078,-3.56988304823485,-0.597527392646553,-0.590936386038289,3.19207533866995,-3.94712004552724
3.95856304311214,8.21462231958143,-0.66136785626823,-3.44031027880952,0.990240000077189,6.92807941731692,-14.0141284445876,-5.76566586857654,-9.40510487250716,-1.10708708788216,-4.26723963239184,11.5848583485824,-20.1788870030539,7.36122585537106,5.16649876237799,4.82066791462983,3.01528825791565,4.26222232515361,6.72650533328551,-7.73812749730317,4.24949465691831,-0.32457241675355,0.921934525421619,6.00716455095751,4.24043810232687,-5.85421456638609,5.3181723841598,3.30984813673471,4.76804487203303,7.19446166382323,-4.15005939590894,-4.81931769378621,-0.858965094871821,2.67484391552685,2.35524340232382,1.75129213142646,1.2796270239227,1.34157873683402,20.3660209685976,-20.3151849665876,-1.32806744878578,-18.75577347697,-8.27539816446225,-0.533068723431302,-8.9956656978479,0.0816596729227937,-1.16352920585977,11.0653233618948,-0.545711291337612
10.8241817092011,-13.7496256542835,0.697438604144287,1.8323251860082,-3.43876922171534,-0.210241173297754,1.51862757370659,1.18916590941647,-7.18031978025204,0.867366755426229,-6.61004838659645,-13.4501843171887,3.92363068576332,0.777495187072119,-2.89638980220829,5.86923744263712,6.92749880276492,7.00985451696155,6.03108323986803,-9.21950283607583,6.83533912269264,12.1872839409259,-4.18513208328578,-0.513766063828543,-1.53882322667865,-0.971337212522268,16.2889813823998,8.60284855149323,7.27559850852782,-5.52899862591861,-18.5713664127407,1.77763261276981,5.08103381814621,0.121385343949926,-0.90103958714378,-1.09337219310687,-3.25836842267686,9.68235901338718,-12.5806272028375,-4.53842881374087,1.49734521688068,-2.96849638258885,7.31919806651492,-3.53056919852648,-9.75863489585695,10.727417373859,1.5191033126185,-4.29807539773986,-2.6840497194476
2.89932270485384,5.82522849266649,-7.26667628158265,5.49181015656331,4.64470610589111,3.21117726637643,-1.64182565271705,-0.259859477768368,-8.1827301456212,1.52466320899717,-5.55065042666309,-4.65501634814018,3.42995150318173,6.69349341985176,6.84558493476646,-2.3694934166978,8.87182561671351,-3.00050521974851,-0.998747663523885,-1.47745889760753,5.424185843737,0.512065205419321,4.80049838755461,-4.66634437403543,5.11768385414723,9.09755616974033,-2.70497546429753,-0.875009197432511,1.88593186187055,16.0070802745661,-10.3021123369402,1.92726764335201,-6.38806733158556,-6.72851845605908,1.88490178151984,-3.61000299988889,8.54133068529374,-2.75424532875943,-1.34761403968575,25.9755457010487,0.530524291230218,0.147048542641785,-16.6282243090122,-8.84685823493687,-11.8198728318083,-4.66590804657626,-12.9351989722522,2.10266699357959,-12.4857056848637
8.75459623764399,21.3798389814427,22.9740382906638,1.72999691591374,6.42918597021452,-6.00440327034465,4.77817470989927,-16.9989015180952,7.89044031483687,7.7632390237705,-14.0830806606106,-26.3186673323596,-18.7565510030975,-14.1136880156855,4.69618732977274,4.61490828212962,-12.4670302375884,3.9788638738499,1.90010313790279,-3.44217473171282,3.92982859728297,4.66096190361804,4.21382101284389,-3.75525239754329,-3.36382963915965,-12.3768537244724,10.1267851453875,-1.91065409189659,-12.2419637503723,-2.7493023205466,5.93910918079957,7.34143580277345,8.39271092386496,2.95982029154991,-1.63535679682548,-10.4846347711332,-3.28794938394939,-9.73965174829159,5.00256137013251,13.4442390527436,1.92845780348058,-12.9912735547497,-4.21481741037908,4.4274156087535,18.2743784696517,9.2424671083655,-1.82223098134112,-6.65422053096706,-18.7916728199633
14.7214897473041,-6.51053823628201,20.9868096058089,-2.65175991741334,12.8218125773883,6.94524433798594,-5.35278674807824,-14.5178366407893,-2.7077974820643,-8.18462486323322,10.2882054039365,21.4106947903582,-12.7018601666316,-6.2238286489702,3.35613816638175,1.92351236198216,0.475408179629869,6.45265858614164,5.83900832824322,18.0735861725287,1.39742806010745,0.37990736538388,1.75532612059294,5.30210398183062,4.05225255772329,-1.55246962496773,3.02926124901791,-8.08109933151937,-11.3075537606487,-10.4976273382864,-10.6366524100289,2.81937124427816,-2.46316511093861,3.96276787743601,8.13398117937033,8.40028978627079,6.64098488372054,-0.475465753746519,-9.32087030432054,14.7524124777815,-9.81713712837258,-6.53975480840521,23.5391773287001,-24.0530079870123,-5.2103956815416,-17.821914432714,-12.2236820006174,-13.8455720201251,8.80641893322783
0.851493245050542,-23.9686571961416,4.01394060595039,-8.27779877136279,1.92846432112571,3.72086836026494,-10.1550018310575,32.7387087464648,11.9388877489026,-8.78426400978734,-10.9955631470253,-5.17567295610292,-0.329774107772411,5.63245488072013,8.84431259301362,5.69111280235959,2.49120089044046,5.57575373766532,6.14198621000591,33.8630747371792,5.66803243364383,-1.39542842428752,0.477900339688651,4.65715560216269,6.16610496972855,1.03179831533883,-2.47067300380899,9.05734719023726,5.03572271625045,-29.722260652127,9.86528197327205,-6.95351604594902,-0.992737579659319,1.86200000924418,-3.06138296649539,-0.78644324956166,-7.73497246242228,3.51395683583346,11.2033273106943,10.6731385538343,-7.82911798715808,-18.3345996416012,-23.4937648617193,5.09823389581439,0.64168666930671,-2.04489419946169,0.170693407333417,-6.74215459404244,-16.441980787216
1.40663044431323,16.0762976147178,21.1849815216701,13.1132312813224,-1.81886962535866,-3.75158682931555,-4.72149258793584,-10.959140556122,-10.8626167618618,-3.85413191558677,0.830705573067673,-15.5003751368503,21.7331351557808,2.22876949059302,-7.08816611195947,8.04700742647237,23.7348912597766,10.7198456284155,4.6662856175694,5.18883170197472,-0.656513304491552,13.5858171324726,1.65005916462274,6.32261483138926,-9.0299434486869,-4.27249017924826,-32.8354829720966,0.691176631572424,8.7621435445487,-2.85855680283186,17.4176056806443,-3.62986241754711,9.57933873841614,3.32159928472963,1.71455947518367,-1.8175959982364,-9.51587542579783,1.99748567293914,9.41036883518086,-15.3854244913717,5.98190598812919,4.64030507253798,-13.1771024254648,-20.7299852574981,-11.1866041348058,-5.03054805870469,-3.52736211369401,-20.4301597963291,8.4544598557949
4.42406897627496,-28.9616125219516,7.30134160626526,-8.90673781605694,4.67181590177452,-2.34577084613175,0.605759230618789,-13.6293429181813,3.09143621528219,13.7986536348464,14.691924066932,17.886351340138,4.73529403511023,-13.6445116010661,-3.76094793791179,-6.35315613539665,20.6194637833265,-0.539156581173802,-2.7384321624268,-13.8131023709767,-3.15234767657666,3.33026181877699,-2.09864799770937,-6.12355356217948,-4.58902469718063,-20.5201353100317,-10.15233303251,-5.98957935077431,-19.4701286597737,-9.51251888603924,-11.2607742696711,6.09807769041757,1.59225528203303,1.886870661243,6.3739817713665,6.00076272255288,6.33124662024219,-2.96892832772259,28.4431705695383,21.0299510945709,1.8982757502219,5.41533367246264,-24.8548786497459,14.9704574813241,-8.67475165131172,40.7991236169693,-0.703807239458713,-4.34881472405115,16.7054328957196
3.18838143118101,40.6520366789368,9.30081242698262,-10.0895527721984,-2.94952441139261,-1.96883014810499,0.538086855016832,-12.0429331128504,-14.4146663960241,-6.37184606960382,12.5187617341528,13.0440778233468,38.1458511194144,-11.2586492180561,-3.77616306810366,0.680883865491603,-35.6388760627229,3.16890456739109,7.8229773533673,22.5165135989641,7.88837601216637,-0.294824392774506,-13.757273825553,2.44711199495253,5.23862124785311,-0.406607463215792,30.5420011810418,4.98134050805746,-4.99391438156219,-17.8257537038391,-30.958022911424,-20.0763210497633,3.87849368461888,0.233004834864054,12.4272694951923,7.69734414221632,12.2917014913904,11.8179567530083,-19.2683948239737,-7.05279600650124,8.30454619853239,3.99812208433107,-56.1310567320411,16.7627563995327,6.67832351261211,-6.97859577289725,0.154399866458846,-0.786814912802869,20.493482544702
1.44229466661429,18.7787540172363,7.38919033924942,-12.4324913460241,-5.63065369170574,-11.4945284773897,10.8378156241927,10.6438773959762,-15.221189872037,-5.95938837919134,-20.0623167013114,14.6920689999289,71.4043440729402,-10.2359467750434,1.17486753506472,-8.0340141818257,-2.86931046809663,-10.1720964106314,-8.52011825049978,15.7951619186547,5.2680485283349,-5.47265870941732,-11.0025608721117,-14.0093613308934,-3.78902311216254,0.233802311355237,25.0560716471961,7.37006948211784,-19.6378192433942,10.0674731993885,-11.7149522098244,-9.93741074440485,-13.7115875819043,-13.6103930943828,-7.46881737599148,-15.3904818415428,-4.88162997740941,-8.61663092386837,71.3021694751909,-6.42882900523089,-11.8312711330417,-16.7237992126098,57.6563657759809,5.2366298975511,-12.3265696704902,5.93181173877256,-19.2457682450304,-14.664496559583,-24.4623601493549
9.78182566098308,2.32028505340514,4.83264279705737,23.0720855316878,16.7426764368751,-1.42371529870898,-67.1678461578445,-1.18371148199722,23.7216492776819,21.3175461732746,-17.9299885393805,67.8675969761044,75.8100433983385,10.8393180825874,14.7828407352829,12.6540140854906,17.437012692101,10.1008091422829,5.8753251344959,-8.08502384146827,9.68760809394453,14.7940280048632,22.700858616067,6.32766934023826,-5.40533606066278,-23.5798638055137,-4.02556638763737,2.83299324761969,4.1640727103888,32.1407255551533,27.7802602333306,26.0568565179055,17.1130888072498,12.4358227207322,6.08394950975648,-4.19965086288643,-15.9591974574251,-34.6500266401223,-72.53716176031,13.9001501234225,18.2277412461551,-70.5496657913285,13.3314984329059,29.287631714663,22.0076484976933,17.6518713539771,17.2595952821715,18.14191537647,-7.35734590176478
55.797276064195,61.4411893075682,-72.9845287089317,45.9358220892184,75.5547170164601,29.0715660354464,96.8735063274518,-12.6165430196575,27.1293499625707,11.062344572735,33.02345342988,-31.3386720438491,19.8706225989462,114.551398136288,157.191090866809,23.5857304871685,159.279982330819,-3.77360398639416,19.473748695303,11.2860204681256,11.8736258070574,-44.4432955175337,109.088416794725,6.96359298060038,115.221048552829,-24.5514784693286,52.8856617450711,-30.2074148789302,-290.791587707925,-106.23587742278,72.4049369276302,32.7277335019994,-39.117996878135,-25.4727243564478,-56.292040557545,15.3910452335366,114.626933279555,-45.5472387510404,-119.762675086818,-220.124282399732,-43.9772930962732,71.1881509308283,-17.6609684325555,121.754615079101,-119.900093419112,17.9669565857108,-22.3431761498129,-95.9319404424958,-90.1511908247421
95.4606483069826,108.337667830298,100.712536884161,96.9274585108987,96.3663943949234,108.290895325996,169.805669298076,110.136710274154,92.9914100582155,91.7433426804073,108.222119990886,22.9396151029623,26.204941210882,98.365402631414,93.9559400096795,98.4554724450357,82.2503963557292,99.4565861456354,102.198133409478,116.45197178923,101.357009820777,101.423043400238,91.646890068569,103.068793463671,109.177524600177,143.467883228031,129.466015784907,105.569585938018,122.449179580672,119.404990111438,95.045585733511,97.565747524001,98.2051277897101,98.2915105475733,103.953881432309,103.689632480712,116.195085630074,138.233143419026,199.610916395595,112.113000026051,98.650211827977,166.152008066477,108.755813713074,86.6534213790911,107.759028076623,80.5371854953372,90.1844728091494,99.9569036370375,96.1105475595609
